id,first_name,last_name,email,gender,fecha_nac
1,Marketa,Wiskar,mwiskar0@mayoclinic.com,Female,14/01/2005
2,Thebault,Manchett,tmanchett1@ed.gov,Male,06/05/2020
3,Rafa,Saint,rsaint2@reference.com,Female,22/04/2009
4,Lyndel,Overpool,loverpool3@behance.net,Female,16/12/2011
5,Case,Simms,csimms4@comsenz.com,Male,12/03/2019
6,Mose,Thomas,mthomas5@virginia.edu,Male,23/09/2022
7,Creighton,Crossman,ccrossman6@cpanel.net,Male,08/05/2008
8,Sullivan,Allcroft,sallcroft7@google.com.au,Polygender,04/11/2009
9,Kristian,Duiguid,kduiguid8@skyrock.com,Male,14/12/2001
10,Deny,McCarle,dmccarle9@lycos.com,Female,02/10/2021
11,Rona,Escalera,rescaleraa@dedecms.com,Female,07/11/1999
12,Ariel,Majury,amajuryb@123-reg.co.uk,Male,22/04/2020
13,Nikkie,Keirle,nkeirlec@globo.com,Female,24/03/2019
14,Dorette,Parke,dparked@php.net,Female,08/09/2001
15,Locke,Eddis,leddise@boston.com,Male,10/07/2010
16,Noella,Schwerin,nschwerinf@cdc.gov,Female,02/04/2003
17,Ambur,Knibley,aknibleyg@posterous.com,Female,22/01/2009
18,Lena,Tunmore,ltunmoreh@amazonaws.com,Female,15/03/2000
19,Paulie,Santacrole,psantacrolei@nationalgeographic.com,Non-binary,07/09/2012
20,Shepperd,Reeson,sreesonj@reference.com,Male,01/03/2006
21,Jeremias,Elfleet,jelfleetk@webnode.com,Male,14/01/2021
22,Aubine,Corkish,acorkishl@un.org,Female,13/08/2018
23,Isador,Stivers,istiversm@netscape.com,Genderqueer,18/02/2002
24,Stefania,Rosensaft,srosensaftn@weather.com,Female,20/12/2016
25,Cam,Duffrie,cduffrieo@cnbc.com,Polygender,07/08/2012
26,Emelyne,Hagger,ehaggerp@dell.com,Female,27/03/2021
27,Ashbey,Kemble,akembleq@godaddy.com,Male,24/08/2022
28,Margarete,Beaudry,mbeaudryr@google.fr,Female,05/07/2019
29,Wallache,Stear,wstears@un.org,Male,12/02/2015
30,Emory,Kretschmer,ekretschmert@admin.ch,Male,04/11/2019
31,Cary,Ruppert,cruppertu@tmall.com,Female,10/11/2015
32,Dulcine,Enderby,denderbyv@privacy.gov.au,Female,16/08/2010
33,Hyacinth,Gimert,hgimertw@goo.ne.jp,Female,17/10/2017
34,Val,Crispin,vcrispinx@hugedomains.com,Female,22/05/1999
35,Carola,Schistl,cschistly@cnet.com,Female,05/11/2017
36,Tedman,Evelyn,tevelynz@omniture.com,Male,06/01/2015
37,Fremont,Chritchley,fchritchley10@facebook.com,Male,11/09/2002
38,Arliene,McCrackem,amccrackem11@netlog.com,Female,09/03/2010
39,Genni,Treece,gtreece12@slashdot.org,Female,14/03/2002
40,Terencio,Krishtopaittis,tkrishtopaittis13@clickbank.net,Male,31/03/2012
41,Kirbee,Sutlieff,ksutlieff14@hud.gov,Female,29/12/2006
42,Editha,Kiely,ekiely15@newyorker.com,Female,13/01/2017
43,Anson,Satcher,asatcher16@cdc.gov,Male,08/07/2009
44,Lorant,Beaston,lbeaston17@japanpost.jp,Male,07/08/2005
45,Eugene,Glasscoe,eglasscoe18@japanpost.jp,Male,11/07/2000
46,Dominic,Simeoni,dsimeoni19@bbc.co.uk,Male,21/01/2002
47,Tam,Rolph,trolph1a@samsung.com,Male,21/08/2008
48,Gavra,Cornall,gcornall1b@wordpress.org,Female,29/12/2011
49,Guenevere,Dillistone,gdillistone1c@xrea.com,Female,24/06/2020
50,Alis,Graveney,agraveney1d@ifeng.com,Female,23/05/2010
51,Harold,Cordet,hcordet1e@linkedin.com,Male,09/04/2022
52,Marget,Pearcey,mpearcey1f@vimeo.com,Female,11/07/2007
53,Miner,Andersch,mandersch1g@redcross.org,Male,17/07/1999
54,Lilia,Azema,lazema1h@shinystat.com,Female,27/01/2012
55,Melodee,Blaxter,mblaxter1i@symantec.com,Female,22/11/2008
56,Humberto,Ghidoli,hghidoli1j@tripod.com,Male,28/11/2010
57,Penny,Angelini,pangelini1k@miibeian.gov.cn,Female,08/08/2014
58,Zedekiah,Lougheid,zlougheid1l@usa.gov,Male,03/12/2000
59,Farra,Cambden,fcambden1m@howstuffworks.com,Female,13/04/2002
60,Adelice,Sly,asly1n@seesaa.net,Female,15/12/2013
61,Ferdinande,Backhurst,fbackhurst1o@printfriendly.com,Female,28/08/2022
62,Elspeth,Hosten,ehosten1p@ucsd.edu,Female,13/09/2011
63,Anjanette,Cesconi,acesconi1q@google.es,Female,24/02/2017
64,Merrile,Diviney,mdiviney1r@t-online.de,Non-binary,23/04/2011
65,Zacherie,Reasce,zreasce1s@youtube.com,Male,19/07/2022
66,Ebonee,Hoffman,ehoffman1t@thetimes.co.uk,Female,10/06/1999
67,Jamill,Vanyushkin,jvanyushkin1u@biblegateway.com,Male,20/11/2019
68,Bert,Moulton,bmoulton1v@w3.org,Agender,13/09/2017
69,Meggie,Esom,mesom1w@github.com,Female,03/03/2014
70,Perry,Eaglestone,peaglestone1x@ucoz.ru,Male,29/09/2008
71,Nicoli,Kharchinski,nkharchinski1y@ask.com,Genderqueer,18/10/2008
72,Ellie,Dalrymple,edalrymple1z@bloglines.com,Female,16/02/2015
73,Chas,Iczokvitz,ciczokvitz20@chron.com,Male,15/06/2011
74,Devy,Clemendot,dclemendot21@army.mil,Male,06/09/2001
75,Ivett,Downer,idowner22@bbb.org,Female,02/11/1999
76,Yolane,Tall,ytall23@elpais.com,Female,20/10/2000
77,Adeline,Atcherley,aatcherley24@a8.net,Agender,13/06/2001
78,Kaiser,Simmig,ksimmig25@rambler.ru,Male,02/04/2008
79,Jackson,Di Pietro,jdipietro26@woothemes.com,Male,25/08/2003
80,Corty,Eble,ceble27@google.de,Male,14/07/2015
81,Arturo,Anfrey,aanfrey28@people.com.cn,Agender,17/09/2021
82,Lamont,Ruby,lruby29@seattletimes.com,Male,07/12/2008
83,Fredi,Ferruzzi,fferruzzi2a@cnet.com,Female,11/09/2002
84,Horten,Comins,hcomins2b@state.tx.us,Male,14/05/2010
85,Cherish,Watling,cwatling2c@youtube.com,Female,09/11/2010
86,Lanie,Kristoffersson,lkristoffersson2d@soup.io,Female,17/10/2016
87,Veda,O'Sheilds,vosheilds2e@hugedomains.com,Female,06/10/2002
88,Allene,Edwinson,aedwinson2f@usnews.com,Female,11/05/2010
89,Jeremie,Swanston,jswanston2g@scientificamerican.com,Male,15/08/2016
90,Ikey,Sayre,isayre2h@tamu.edu,Male,20/01/2004
91,Korey,Reary,kreary2i@netscape.com,Agender,04/12/2006
92,Brande,Shrimpton,bshrimpton2j@imgur.com,Female,21/03/2017
93,Nico,Janman,njanman2k@aol.com,Male,05/07/2008
94,Addison,Lowton,alowton2l@csmonitor.com,Male,09/03/2016
95,Jude,Cornils,jcornils2m@google.ru,Male,11/09/2005
96,Dacie,Agget,dagget2n@i2i.jp,Female,10/03/2022
97,Parke,Dymoke,pdymoke2o@fda.gov,Male,10/12/2007
98,Duff,Deeming,ddeeming2p@tripadvisor.com,Male,22/08/2002
99,Alexis,Poland,apoland2q@github.io,Female,13/06/2009
100,Clevey,Huygens,chuygens2r@rambler.ru,Male,08/03/2016
101,Lucia,Maplethorpe,lmaplethorpe2s@ox.ac.uk,Female,13/12/2016
102,Edgar,Stivani,estivani2t@loc.gov,Genderfluid,16/06/2019
103,Mar,Harce,mharce2u@whitehouse.gov,Male,11/08/2014
104,Alwin,Tatlock,atatlock2v@dedecms.com,Male,23/10/2015
105,Georgena,Boarleyson,gboarleyson2w@mozilla.com,Female,30/09/2019
106,Beret,Tabourel,btabourel2x@lulu.com,Female,30/05/2020
107,Grayce,O'Caherny,gocaherny2y@amazon.co.jp,Female,22/10/2000
108,Elie,Anglish,eanglish2z@yellowbook.com,Female,21/08/2021
109,Gareth,Bartolomieu,gbartolomieu30@canalblog.com,Male,16/12/2021
110,Maye,De Lasci,mdelasci31@zdnet.com,Female,20/06/2011
111,Bertha,Pirot,bpirot32@cisco.com,Female,11/05/2000
112,Farlay,Rodolf,frodolf33@fc2.com,Male,09/02/2009
113,Tina,Franck,tfranck34@cnet.com,Female,31/01/2003
114,Hector,Tighe,htighe35@ihg.com,Male,06/02/2000
115,Ignatius,Riccioppo,iriccioppo36@mapquest.com,Male,21/07/2011
116,Viole,Dumper,vdumper37@google.ru,Female,02/06/2016
117,Brucie,Elsom,belsom38@shareasale.com,Male,28/01/2016
118,Gabbie,Reiners,greiners39@angelfire.com,Female,19/12/2005
119,Jennica,Harley,jharley3a@over-blog.com,Female,07/05/2015
120,Jarret,Levene,jlevene3b@weather.com,Male,13/04/2021
121,Sterne,Connold,sconnold3c@toplist.cz,Male,23/04/2020
122,Dunstan,Soitoux,dsoitoux3d@elpais.com,Male,14/07/2016
123,Pandora,Mustoe,pmustoe3e@zdnet.com,Female,28/04/2009
124,Vi,Klasen,vklasen3f@twitter.com,Female,09/06/2010
125,Eadith,Ferneley,eferneley3g@infoseek.co.jp,Female,20/06/2014
126,Urban,Desvignes,udesvignes3h@com.com,Male,23/05/1999
127,Baily,Darrington,bdarrington3i@mayoclinic.com,Male,26/06/2008
128,Darrick,McWaters,dmcwaters3j@fda.gov,Male,24/08/2013
129,Joshua,Paolillo,jpaolillo3k@google.de,Male,19/09/2000
130,Waiter,Marriott,wmarriott3l@cbc.ca,Male,09/01/2011
131,Romona,Pitblado,rpitblado3m@auda.org.au,Female,13/08/2022
132,Dean,Ind,dind3n@hc360.com,Male,11/09/2018
133,Gar,Baine,gbaine3o@printfriendly.com,Male,11/03/2007
134,Hermine,Atley,hatley3p@wikia.com,Female,24/05/2014
135,Casi,Sudy,csudy3q@icq.com,Female,14/11/2007
136,Janessa,Wasteney,jwasteney3r@wired.com,Female,15/12/2009
137,Pollyanna,Conigsby,pconigsby3s@google.es,Female,23/06/2008
138,Erhart,Ellesmere,eellesmere3t@ifeng.com,Male,14/01/2011
139,Nikola,Tosspell,ntosspell3u@ebay.co.uk,Male,09/02/2001
140,Cristin,Bourges,cbourges3v@google.ru,Female,07/10/2015
141,Annemarie,Sivyer,asivyer3w@theglobeandmail.com,Female,23/01/2013
142,Holmes,Welsh,hwelsh3x@1688.com,Male,19/09/2022
143,Harbert,Renouf,hrenouf3y@disqus.com,Male,19/12/2014
144,Gwen,Goldhawk,ggoldhawk3z@addthis.com,Female,23/05/2019
145,Arabel,Batters,abatters40@amazon.de,Female,05/03/2006
146,Armando,Coupman,acoupman41@flickr.com,Male,03/06/2016
147,Brena,Sowley,bsowley42@tripod.com,Female,18/11/2015
148,Kippy,Learmont,klearmont43@163.com,Male,16/06/2003
149,Glenn,Batterson,gbatterson44@mozilla.org,Male,14/04/2001
150,Zitella,Mathieu,zmathieu45@unesco.org,Female,04/03/2013
151,Elysee,Breen,ebreen46@oakley.com,Female,08/09/2004
152,Lorne,Barhem,lbarhem47@t.co,Male,27/04/2013
153,Randolf,Ropcke,rropcke48@xinhuanet.com,Male,26/09/2013
154,York,Cluckie,ycluckie49@ameblo.jp,Male,06/09/2007
155,Hilda,Stickles,hstickles4a@sakura.ne.jp,Female,14/05/2006
156,Kathy,Towsey,ktowsey4b@rediff.com,Female,13/06/2019
157,Marge,Dabourne,mdabourne4c@xrea.com,Female,08/03/2009
158,Raddie,Malone,rmalone4d@issuu.com,Agender,12/11/2016
159,Fairleigh,Bickerstaffe,fbickerstaffe4e@cnet.com,Male,18/03/2011
160,Auberon,Normanvell,anormanvell4f@dyndns.org,Male,10/01/2005
161,Vonnie,Spowart,vspowart4g@livejournal.com,Female,20/10/2010
162,Helenelizabeth,Womersley,hwomersley4h@tmall.com,Female,01/06/2013
163,Larine,Desorts,ldesorts4i@printfriendly.com,Female,08/08/2004
164,Chickie,Dougher,cdougher4j@geocities.com,Female,24/12/2000
165,Waverley,Garnsworth,wgarnsworth4k@dion.ne.jp,Male,25/09/2017
166,Valenka,Antrobus,vantrobus4l@mapquest.com,Female,23/04/2011
167,Bonny,Mepham,bmepham4m@cbslocal.com,Female,21/12/2003
168,Rae,Hatcher,rhatcher4n@pagesperso-orange.fr,Female,22/11/1999
169,Bailey,Montilla,bmontilla4o@netlog.com,Male,13/05/2005
170,Enrichetta,Sancho,esancho4p@lycos.com,Female,18/02/2001
171,Nelli,Willis,nwillis4q@theatlantic.com,Female,14/02/2020
172,Michael,Lowdes,mlowdes4r@google.com.hk,Male,18/05/2015
173,Ignatius,O'Harney,ioharney4s@wufoo.com,Male,28/01/2021
174,Mariette,Yacob,myacob4t@opera.com,Female,12/04/2005
175,Shane,Gelletly,sgelletly4u@netvibes.com,Female,29/09/2014
176,Aristotle,Pedder,apedder4v@ucoz.ru,Male,30/01/2000
177,Mack,Thome,mthome4w@theguardian.com,Male,03/03/2015
178,Phil,Beverage,pbeverage4x@youtube.com,Female,13/09/2011
179,Stu,McGroarty,smcgroarty4y@drupal.org,Male,02/11/2006
180,Hetty,Burkitt,hburkitt4z@barnesandnoble.com,Female,01/05/2001
181,Thia,Dooland,tdooland50@state.tx.us,Female,13/07/2002
182,Emmey,Duchasteau,educhasteau51@dot.gov,Female,10/02/2019
183,Walt,Ruppele,wruppele52@behance.net,Male,17/06/2004
184,Marigold,Gue,mgue53@wsj.com,Female,11/08/2000
185,Shirl,Crook,scrook54@cargocollective.com,Female,07/02/2019
186,Camala,Lamyman,clamyman55@usatoday.com,Genderqueer,05/01/2003
187,Hertha,Puleston,hpuleston56@bbb.org,Female,26/08/2010
188,Perla,Kettle,pkettle57@hugedomains.com,Female,02/12/2019
189,Nicolette,Cluer,ncluer58@storify.com,Female,23/10/2007
190,Jo,Cattrall,jcattrall59@cam.ac.uk,Male,27/01/2011
191,Cheryl,Helix,chelix5a@flavors.me,Polygender,30/06/2011
192,Kippie,Jaulmes,kjaulmes5b@sakura.ne.jp,Female,20/12/2009
193,Ernesto,Crimpe,ecrimpe5c@bbc.co.uk,Male,29/07/2013
194,Paco,Andreopolos,pandreopolos5d@vkontakte.ru,Male,05/05/2010
195,Lavina,Renzini,lrenzini5e@huffingtonpost.com,Female,17/12/2018
196,Karisa,Zanneli,kzanneli5f@baidu.com,Genderqueer,26/08/2002
197,Patin,Skuce,pskuce5g@dedecms.com,Male,23/06/2020
198,Libbey,Marshall,lmarshall5h@samsung.com,Female,12/11/2002
199,Pamela,Carwithan,pcarwithan5i@umn.edu,Female,13/03/2005
200,Vance,Pow,vpow5j@mozilla.com,Male,09/08/2019
201,Edwina,Goracci,egoracci5k@shareasale.com,Female,14/05/2014
202,Denny,Zanicchelli,dzanicchelli5l@state.gov,Male,27/05/2016
203,Winnie,Houchen,whouchen5m@fc2.com,Male,27/07/2007
204,Sorcha,Fenners,sfenners5n@dailymail.co.uk,Female,12/10/2014
205,Cornie,Mazzilli,cmazzilli5o@163.com,Female,11/09/2003
206,Dev,Isakson,disakson5p@theatlantic.com,Male,08/10/2020
207,Iggy,Drakard,idrakard5q@patch.com,Male,31/03/2002
208,Alexandre,Falcus,afalcus5r@csmonitor.com,Male,02/12/2003
209,Arabelle,Adrain,aadrain5s@parallels.com,Bigender,30/10/2003
210,Gustav,Rogliero,grogliero5t@taobao.com,Male,21/09/2011
211,Daisey,Blethyn,dblethyn5u@wunderground.com,Female,17/08/2017
212,Sascha,Kevern,skevern5v@go.com,Female,27/11/2020
213,Ardis,Felgate,afelgate5w@ft.com,Female,22/02/2005
214,Danny,De Vuyst,ddevuyst5x@hatena.ne.jp,Male,01/11/2020
215,Reeva,McNysche,rmcnysche5y@webmd.com,Female,25/11/2012
216,Jessie,Kleinstern,jkleinstern5z@sciencedaily.com,Male,16/01/2007
217,Antoine,Hackly,ahackly60@hibu.com,Male,29/01/2008
218,Artemis,Uccello,auccello61@blogger.com,Male,15/12/1999
219,Orren,Winton,owinton62@com.com,Male,24/01/2005
220,Molli,D'eath,mdeath63@histats.com,Female,01/02/2007
221,Frederique,Cuesta,fcuesta64@soup.io,Female,06/11/2000
222,Gun,McGunley,gmcgunley65@biblegateway.com,Male,03/07/2000
223,Colman,Thrush,cthrush66@opera.com,Male,15/03/2004
224,Raimondo,Kinkade,rkinkade67@xing.com,Male,21/04/2010
225,Bobbee,Buckthorp,bbuckthorp68@harvard.edu,Agender,04/06/2000
226,Joellyn,Jorin,jjorin69@edublogs.org,Female,12/10/2021
227,Carmelia,Cawkill,ccawkill6a@domainmarket.com,Female,07/02/2004
228,Alfredo,Cleobury,acleobury6b@tamu.edu,Male,20/11/2009
229,Elisa,Phillcox,ephillcox6c@army.mil,Female,27/12/2013
230,Berny,Winterson,bwinterson6d@virginia.edu,Female,13/05/2006
231,Fergus,Arnison,farnison6e@paginegialle.it,Male,27/02/2000
232,Letty,Gerg,lgerg6f@cbsnews.com,Female,07/04/2019
233,Malissa,Dawtry,mdawtry6g@webs.com,Female,11/02/2017
234,Elicia,Reppaport,ereppaport6h@cbsnews.com,Female,12/03/2013
235,Svend,Mechic,smechic6i@squarespace.com,Male,04/07/2005
236,Guthrey,Gaye,ggaye6j@businessweek.com,Male,05/08/2005
237,Stephanie,Maysor,smaysor6k@etsy.com,Female,07/07/2017
238,Max,Byrom,mbyrom6l@woothemes.com,Male,09/02/2018
239,Lothario,Adams,ladams6m@cisco.com,Male,04/09/1999
240,Rinaldo,Guidotti,rguidotti6n@wikipedia.org,Male,08/10/1999
241,Adolphus,Wadwell,awadwell6o@google.nl,Male,19/10/2013
242,Tatum,Chree,tchree6p@dion.ne.jp,Female,12/01/2018
243,Elihu,Ryves,eryves6q@uol.com.br,Non-binary,14/09/2021
244,Bond,Hatrick,bhatrick6r@bbb.org,Male,26/04/2012
245,Audrey,Jouanot,ajouanot6s@51.la,Female,15/10/2002
246,Dorise,Ivashechkin,divashechkin6t@timesonline.co.uk,Female,04/10/2012
247,Milzie,Balshen,mbalshen6u@google.pl,Polygender,19/05/2018
248,Max,Yukhnin,myukhnin6v@wordpress.com,Male,30/11/2012
249,Jedidiah,Burbidge,jburbidge6w@etsy.com,Male,16/02/2011
250,Harmon,Farrer,hfarrer6x@meetup.com,Male,18/04/2016
251,Kasey,Matthias,kmatthias6y@opensource.org,Female,05/07/2006
252,Prissie,Puckham,ppuckham6z@bravesites.com,Female,15/09/2007
253,Georgina,Retchless,gretchless70@imgur.com,Female,11/02/2006
254,Carri,Extil,cextil71@independent.co.uk,Female,14/01/2010
255,Mel,Bendare,mbendare72@timesonline.co.uk,Male,20/09/2001
256,Tracey,Watchorn,twatchorn73@aol.com,Male,17/12/2009
257,Selby,Teml,steml74@amazon.co.jp,Bigender,20/06/2005
258,Timmy,Chidzoy,tchidzoy75@craigslist.org,Male,01/03/2004
259,Drucill,Ondrus,dondrus76@imgur.com,Female,10/04/2003
260,Raff,Venables,rvenables77@cisco.com,Male,23/09/2011
261,Maribelle,Humfrey,mhumfrey78@vk.com,Female,29/08/2011
262,Ibby,Lemoir,ilemoir79@cpanel.net,Female,04/06/2018
263,Rosalia,Fillimore,rfillimore7a@yellowbook.com,Female,22/10/2015
264,Isadora,Kubek,ikubek7b@sakura.ne.jp,Genderfluid,07/03/2017
265,Toiboid,Ellinor,tellinor7c@boston.com,Male,28/01/2013
266,Adriano,D'Enrico,adenrico7d@salon.com,Male,05/04/2015
267,Robinetta,Bowling,rbowling7e@miibeian.gov.cn,Female,01/03/2010
268,Nahum,Borthe,nborthe7f@histats.com,Male,04/09/2008
269,Ronald,Janaszkiewicz,rjanaszkiewicz7g@google.fr,Male,13/09/2016
270,Emilio,Thyer,ethyer7h@marketwatch.com,Male,05/02/2018
271,Garret,Scuse,gscuse7i@wiley.com,Male,11/01/2000
272,Laryssa,Clell,lclell7j@elegantthemes.com,Female,28/03/2008
273,Katy,Primrose,kprimrose7k@sciencedirect.com,Female,15/11/2015
274,Mischa,Gillebride,mgillebride7l@behance.net,Male,03/05/2017
275,Chip,Painter,cpainter7m@newyorker.com,Male,03/01/2003
276,Bogart,Latus,blatus7n@about.com,Bigender,11/05/2008
277,Ami,Redmayne,aredmayne7o@berkeley.edu,Female,21/12/2014
278,Jandy,Grube,jgrube7p@domainmarket.com,Female,31/01/2009
279,Cathrin,Cowgill,ccowgill7q@privacy.gov.au,Female,28/10/2009
280,Teddi,Frankum,tfrankum7r@yale.edu,Female,14/09/2004
281,Violetta,Fendlow,vfendlow7s@newyorker.com,Female,21/04/2016
282,Corly,Belchem,cbelchem7t@amazonaws.com,Female,18/04/2022
283,Kalvin,Leinster,kleinster7u@technorati.com,Non-binary,05/08/2009
284,Giordano,Phizacklea,gphizacklea7v@prlog.org,Male,02/09/2020
285,Cristy,Watkiss,cwatkiss7w@howstuffworks.com,Female,21/09/2016
286,Andria,Phoenix,aphoenix7x@businessinsider.com,Female,30/12/2000
287,Beatrisa,Chishull,bchishull7y@1und1.de,Female,13/07/2020
288,Farand,Tie,ftie7z@gov.uk,Female,24/02/2008
289,Maxy,Elsip,melsip80@unblog.fr,Male,20/07/2019
290,Mufi,Lytell,mlytell81@who.int,Female,31/12/2021
291,Rolph,O'Sheils,rosheils82@yolasite.com,Male,02/09/2014
292,Ambrosio,Pring,apring83@ihg.com,Male,20/02/2011
293,Sansone,Bernardez,sbernardez84@com.com,Bigender,25/07/2007
294,Claudia,St Ange,cstange85@telegraph.co.uk,Female,20/07/2015
295,Ravi,Filer,rfiler86@ox.ac.uk,Male,06/02/2020
296,Fred,Jurkowski,fjurkowski87@va.gov,Female,02/04/2016
297,Ezechiel,Osmund,eosmund88@upenn.edu,Bigender,12/10/2011
298,Major,Boggs,mboggs89@usnews.com,Male,02/09/2003
299,Clementius,Dornin,cdornin8a@clickbank.net,Male,17/12/2006
300,Rafi,Jeyness,rjeyness8b@hhs.gov,Genderfluid,30/05/2007
301,Libbey,Livermore,llivermore8c@hexun.com,Polygender,24/05/2021
302,Blisse,Drife,bdrife8d@nba.com,Female,11/04/2001
303,Thaddus,Clowser,tclowser8e@loc.gov,Male,20/01/2020
304,Job,Corah,jcorah8f@ucoz.ru,Male,02/07/2003
305,Filberte,Vautier,fvautier8g@networkadvertising.org,Male,16/10/2012
306,Kandy,Belderson,kbelderson8h@usatoday.com,Female,08/08/2020
307,Win,Davison,wdavison8i@amazonaws.com,Male,19/08/2018
308,Hobart,Denford,hdenford8j@craigslist.org,Male,08/02/2021
309,Dacy,Fletham,dfletham8k@live.com,Female,18/08/2020
310,Jarrad,Stormonth,jstormonth8l@yale.edu,Male,14/06/2018
311,Raimundo,Paterno,rpaterno8m@marketwatch.com,Male,16/12/2020
312,Leslie,Emmott,lemmott8n@buzzfeed.com,Male,17/07/2014
313,Britney,Hachard,bhachard8o@ftc.gov,Female,13/02/2022
314,Ramon,Brodley,rbrodley8p@baidu.com,Male,28/06/2004
315,Paul,Iddiens,piddiens8q@creativecommons.org,Male,22/07/2016
316,Terese,Leader,tleader8r@delicious.com,Female,21/01/2019
317,Horten,Whitsey,hwhitsey8s@accuweather.com,Male,19/02/2007
318,Hazel,Axe,haxe8t@bing.com,Female,22/10/2004
319,Seymour,Lovering,slovering8u@nbcnews.com,Male,09/03/1999
320,Laverne,Darter,ldarter8v@pagesperso-orange.fr,Female,01/02/2021
321,Drucie,Showers,dshowers8w@umich.edu,Female,02/07/2004
322,Thorn,Ogden,togden8x@delicious.com,Male,29/07/2011
323,Hermine,Alban,halban8y@loc.gov,Agender,29/04/2010
324,Rickie,Dunbleton,rdunbleton8z@patch.com,Male,22/10/2011
325,Hanni,Brandel,hbrandel90@liveinternet.ru,Female,11/07/2018
326,Aldridge,Millhouse,amillhouse91@nps.gov,Male,21/04/2018
327,Sadie,Dungey,sdungey92@odnoklassniki.ru,Genderqueer,26/02/2002
328,Wallache,Georgiev,wgeorgiev93@1688.com,Male,11/08/2005
329,Margette,Kellar,mkellar94@fc2.com,Genderfluid,18/08/2020
330,Delmer,Fishpoole,dfishpoole95@simplemachines.org,Male,11/04/2022
331,Liza,Spellard,lspellard96@virginia.edu,Female,24/09/2008
332,Doroteya,Rens,drens97@dropbox.com,Female,18/05/2002
333,Zolly,Lazare,zlazare98@feedburner.com,Male,15/09/2008
334,Benedetto,Gatland,bgatland99@aboutads.info,Male,02/11/2019
335,Brant,Dermott,bdermott9a@webnode.com,Genderqueer,25/06/2013
336,Nara,Slimings,nslimings9b@netvibes.com,Female,17/10/2009
337,Ulberto,Orsman,uorsman9c@histats.com,Male,06/04/2009
338,Quintana,Joiris,qjoiris9d@un.org,Female,25/09/2007
339,Cly,Shackell,cshackell9e@wp.com,Male,05/05/2008
340,Mab,Northage,mnorthage9f@msn.com,Female,06/06/2003
341,Dionis,Renouf,drenouf9g@nba.com,Female,19/06/2000
342,Agretha,Phillps,aphillps9h@taobao.com,Female,24/01/2018
343,Garrett,Barbary,gbarbary9i@liveinternet.ru,Male,26/05/2001
344,Andrej,Scanlan,ascanlan9j@wikispaces.com,Male,05/01/2022
345,Barnabas,Prince,bprince9k@fema.gov,Male,26/09/2011
346,Allyn,McCarrell,amccarrell9l@usa.gov,Male,08/05/2021
347,Brooks,Jouanny,bjouanny9m@xrea.com,Female,13/10/2007
348,Jacquelynn,Caudrey,jcaudrey9n@quantcast.com,Female,08/08/2016
349,Farrah,Archibold,farchibold9o@unblog.fr,Female,24/11/2012
350,Esther,Goreisr,egoreisr9p@springer.com,Female,17/10/2006
351,Basile,Mussared,bmussared9q@indiatimes.com,Male,04/03/2022
352,Joey,Openshaw,jopenshaw9r@state.tx.us,Female,19/10/2003
353,Carolee,Dabel,cdabel9s@cbslocal.com,Female,28/02/2004
354,Freida,Cory,fcory9t@sfgate.com,Female,04/05/2019
355,Nevsa,Rennocks,nrennocks9u@archive.org,Polygender,01/04/2006
356,Tiebold,Hancorn,thancorn9v@psu.edu,Male,07/05/2015
357,Theobald,Hedley,thedley9w@youtu.be,Male,30/05/2016
358,Nat,Sidey,nsidey9x@deviantart.com,Female,15/04/2002
359,Mellie,Goldsbury,mgoldsbury9y@xrea.com,Female,22/10/2014
360,Merline,Endle,mendle9z@purevolume.com,Female,02/01/2017
361,Moses,Verrechia,mverrechiaa0@ca.gov,Male,24/09/2003
362,Kimmie,Brock,kbrocka1@google.com.hk,Female,11/07/2000
363,Gwenny,Muff,gmuffa2@histats.com,Female,19/06/2009
364,Afton,Malthouse,amalthousea3@washington.edu,Female,17/02/2003
365,Bab,Avrahm,bavrahma4@booking.com,Female,21/07/2009
366,Allie,Theyer,atheyera5@ucoz.com,Female,25/03/2013
367,George,Bilborough,gbilborougha6@1688.com,Female,18/05/2015
368,Constantin,Cobb,ccobba7@photobucket.com,Polygender,07/02/2003
369,Twyla,Beri,tberia8@upenn.edu,Female,29/06/2005
370,Maurice,Nystrom,mnystroma9@cnn.com,Male,22/04/2008
371,Germana,Drinkeld,gdrinkeldaa@redcross.org,Female,15/08/2022
372,Shena,Jorgensen,sjorgensenab@4shared.com,Female,27/07/2021
373,Johny,Saladine,jsaladineac@imgur.com,Male,17/12/2010
374,Waldon,Elacoate,welacoatead@wp.com,Male,20/05/2002
375,Weylin,Dabnor,wdabnorae@about.me,Male,14/03/2008
376,Lindsay,Brumhead,lbrumheadaf@fc2.com,Female,10/09/2017
377,Lula,Tokley,ltokleyag@studiopress.com,Female,21/04/2009
378,Flory,Roden,frodenah@parallels.com,Male,21/06/2007
379,Buffy,Skerrett,bskerrettai@discuz.net,Female,11/12/2007
380,Hetti,Jurczik,hjurczikaj@bloomberg.com,Female,05/01/2014
381,Martynne,Chicken,mchickenak@youtu.be,Female,27/09/2020
382,Lizabeth,Bakhrushin,lbakhrushinal@yahoo.com,Genderfluid,12/04/2021
383,Farrell,Tenny,ftennyam@technorati.com,Male,12/01/2004
384,Joli,Boundley,jboundleyan@tinyurl.com,Female,30/07/1999
385,Anatole,Medler,amedlerao@redcross.org,Male,04/01/2014
386,Charita,Hurring,churringap@histats.com,Female,31/07/2004
387,Dolorita,Clemitt,dclemittaq@foxnews.com,Female,20/01/2012
388,Annadiane,Gaisford,agaisfordar@twitter.com,Female,14/07/2000
389,Janet,MacKall,jmackallas@nyu.edu,Female,01/11/2020
390,Consuelo,Haymes,chaymesat@columbia.edu,Female,15/10/2018
391,Rem,Shrieves,rshrievesau@dyndns.org,Male,03/08/2010
392,Gus,Tipton,gtiptonav@google.cn,Male,26/04/2001
393,Flint,Joddens,fjoddensaw@jugem.jp,Male,05/04/2020
394,Carlynn,Seavers,cseaversax@weather.com,Female,01/11/2017
395,Thane,Fluger,tflugeray@quantcast.com,Male,18/11/2016
396,Lorene,Cowdray,lcowdrayaz@foxnews.com,Female,11/02/2001
397,Marlowe,Petersen,mpetersenb0@disqus.com,Male,12/03/2000
398,Rana,Carne,rcarneb1@uol.com.br,Female,13/08/2002
399,Addy,Aloshechkin,aaloshechkinb2@ox.ac.uk,Male,14/06/2006
400,Jorrie,Behrend,jbehrendb3@goo.ne.jp,Female,27/01/2002
401,Lowell,Featley,lfeatleyb4@microsoft.com,Polygender,24/08/2003
402,Marcus,Lodewick,mlodewickb5@devhub.com,Male,07/06/2009
403,Serene,Bukowski,sbukowskib6@psu.edu,Agender,08/02/2013
404,Rosamund,Agett,ragettb7@businessweek.com,Female,16/03/2000
405,Cosmo,Kimmings,ckimmingsb8@zdnet.com,Male,25/07/2013
406,Rozina,Pack,rpackb9@homestead.com,Female,21/08/2003
407,Des,Lear,dlearba@over-blog.com,Male,21/04/2011
408,Jone,Charlton,jcharltonbb@shop-pro.jp,Male,07/10/2005
409,Delinda,Renehan,drenehanbc@hud.gov,Female,01/05/2001
410,Gallard,Vicent,gvicentbd@twitpic.com,Male,15/09/2021
411,Maribelle,MacMaster,mmacmasterbe@indiegogo.com,Female,01/09/2014
412,Orin,Fowells,ofowellsbf@jimdo.com,Male,06/02/2009
413,Sandra,Linebarger,slinebargerbg@google.ca,Female,11/09/2022
414,Olimpia,Creffield,ocreffieldbh@com.com,Female,02/11/2019
415,Aloysius,Leer,aleerbi@ycombinator.com,Male,04/10/2019
416,Dietrich,Friday,dfridaybj@nytimes.com,Male,18/11/2000
417,Sile,Farguhar,sfarguharbk@drupal.org,Genderfluid,22/01/2010
418,Inger,Craythorn,icraythornbl@irs.gov,Female,19/10/2008
419,Morey,Huguet,mhuguetbm@weather.com,Male,25/12/2012
420,Harcourt,Demeter,hdemeterbn@hao123.com,Male,17/04/2022
421,Elysha,Lovewell,elovewellbo@opera.com,Female,18/06/2014
422,Abbye,Dorot,adorotbp@uol.com.br,Female,13/07/2006
423,Kimbra,Vaines,kvainesbq@google.cn,Female,24/02/2021
424,Ali,Strickler,astricklerbr@fc2.com,Genderfluid,28/01/2016
425,Melantha,Johnstone,mjohnstonebs@stumbleupon.com,Female,04/02/2008
426,Lynette,Rubinow,lrubinowbt@indiegogo.com,Female,12/11/2018
427,Gran,Sergeant,gsergeantbu@friendfeed.com,Male,22/09/2016
428,Salvatore,Braniff,sbraniffbv@topsy.com,Male,09/08/2011
429,Herb,MacPaden,hmacpadenbw@tinypic.com,Male,21/05/2020
430,Barton,Rubroe,brubroebx@kickstarter.com,Male,30/10/2005
431,Conan,Kluss,cklussby@imageshack.us,Male,12/10/2013
432,Fairlie,Yearsley,fyearsleybz@skyrock.com,Male,25/09/2007
433,Lauralee,Brattan,lbrattanc0@woothemes.com,Female,17/12/2006
434,Suzann,Readwood,sreadwoodc1@ustream.tv,Female,30/11/2005
435,Niels,Lux,nluxc2@mapy.cz,Male,02/02/2009
436,Vivien,Marvel,vmarvelc3@ed.gov,Female,15/06/2014
437,Antin,Garroch,agarrochc4@ft.com,Male,07/06/2006
438,Lana,Decayette,ldecayettec5@biblegateway.com,Female,23/01/2007
439,Bernadene,Alishoner,balishonerc6@gnu.org,Female,15/11/2016
440,Ilsa,Whyard,iwhyardc7@tmall.com,Female,18/07/2011
441,Ahmed,Collisson,acollissonc8@elpais.com,Male,15/03/2020
442,Gaultiero,Dudman,gdudmanc9@google.it,Male,05/05/2007
443,Lindsay,Sweedy,lsweedyca@webeden.co.uk,Male,08/07/2009
444,Elsi,Siseland,esiselandcb@feedburner.com,Female,07/10/2013
445,Dacy,Stephens,dstephenscc@vimeo.com,Female,21/05/2019
446,Almeria,Caron,acaroncd@mozilla.org,Female,30/10/2016
447,Constantino,Hedderly,chedderlyce@netvibes.com,Male,30/04/2012
448,Kean,Gaytor,kgaytorcf@illinois.edu,Male,27/10/2004
449,Koral,Connerly,kconnerlycg@webmd.com,Female,07/02/2020
450,Em,Mallion,emallionch@icio.us,Female,08/02/2000
451,Worthington,Bolstridge,wbolstridgeci@list-manage.com,Male,11/01/2004
452,Guinna,Tindall,gtindallcj@drupal.org,Non-binary,21/07/2003
453,Karleen,Mildenhall,kmildenhallck@gizmodo.com,Female,09/07/2017
454,Lorrie,Mallalieu,lmallalieucl@so-net.ne.jp,Male,29/10/2003
455,Enrico,Wyne,ewynecm@slate.com,Male,08/09/2006
456,Garnette,Lutty,gluttycn@ovh.net,Female,25/12/2016
457,Jillene,Livezley,jlivezleyco@nature.com,Female,16/08/2010
458,Bourke,Shulem,bshulemcp@cbslocal.com,Male,14/06/2019
459,Isador,Atkin,iatkincq@mediafire.com,Male,16/04/2012
460,Alikee,Rojahn,arojahncr@craigslist.org,Female,27/06/2016
461,Lazaro,Kumar,lkumarcs@moonfruit.com,Male,10/03/2013
462,Lexine,Pymm,lpymmct@yellowpages.com,Female,21/08/2005
463,Korney,Warry,kwarrycu@mail.ru,Female,25/09/2008
464,Malinda,Mathan,mmathancv@about.me,Female,07/10/2000
465,Camile,Marcham,cmarchamcw@smh.com.au,Female,15/05/2016
466,Omar,Mateja,omatejacx@pbs.org,Male,15/07/2005
467,Carter,Subhan,csubhancy@paypal.com,Male,31/03/2014
468,Koo,Klima,kklimacz@lulu.com,Female,16/07/2008
469,Elsworth,Dougher,edougherd0@berkeley.edu,Male,06/04/2000
470,Whitney,Hallas,whallasd1@nytimes.com,Male,20/05/2020
471,Lemar,Begwell,lbegwelld2@google.ru,Male,10/02/2021
472,Ganny,Gladdish,ggladdishd3@meetup.com,Genderfluid,16/10/2013
473,Murry,Klamp,mklampd4@cnn.com,Non-binary,11/03/2022
474,Orelie,Keerl,okeerld5@studiopress.com,Female,16/04/2001
475,Eadith,de Keyser,edekeyserd6@deviantart.com,Agender,27/06/2013
476,Corrianne,Sharpe,csharped7@drupal.org,Female,22/11/2013
477,Reyna,Hindrich,rhindrichd8@exblog.jp,Female,02/09/2010
478,Lou,Perrat,lperratd9@huffingtonpost.com,Male,26/02/2006
479,Glen,Gorrissen,ggorrissenda@yolasite.com,Genderfluid,28/01/2020
480,June,Yaknov,jyaknovdb@jalbum.net,Female,19/04/2006
481,Barri,Mathie,bmathiedc@kickstarter.com,Male,18/03/2013
482,Stephani,Coat,scoatdd@nbcnews.com,Female,16/06/2001
483,Christine,Christescu,cchristescude@parallels.com,Female,09/05/2004
484,Saw,Hamblin,shamblindf@squarespace.com,Male,15/02/2021
485,Leonidas,Scogin,lscogindg@4shared.com,Male,21/11/2008
486,Kirk,Wince,kwincedh@miitbeian.gov.cn,Male,11/11/2007
487,Loria,Corns,lcornsdi@tiny.cc,Female,07/01/2022
488,Amelia,Korfmann,akorfmanndj@dot.gov,Female,20/06/2016
489,Jeremie,Scotland,jscotlanddk@theatlantic.com,Male,17/07/2012
490,Curtice,Beecker,cbeeckerdl@netvibes.com,Male,16/10/2017
491,Janos,Sutter,jsutterdm@sitemeter.com,Male,07/04/2015
492,Alexander,Render,arenderdn@salon.com,Male,24/10/2003
493,Enrika,Obispo,eobispodo@oaic.gov.au,Female,18/10/2001
494,Olenka,Dand,odanddp@zdnet.com,Female,22/08/2021
495,Dom,Kanzler,dkanzlerdq@scientificamerican.com,Genderqueer,03/03/2016
496,Biron,Olivetti,bolivettidr@is.gd,Male,26/09/1999
497,Shalne,Dyzart,sdyzartds@studiopress.com,Female,13/05/2012
498,Aaron,Highton,ahightondt@tumblr.com,Male,26/11/2010
499,Dorine,Hackforth,dhackforthdu@earthlink.net,Agender,21/09/2001
500,Beniamino,Nowak,bnowakdv@newsvine.com,Male,12/05/2019
501,Debera,Keems,dkeemsdw@businesswire.com,Female,27/07/2010
502,Lucinda,Kopke,lkopkedx@wiley.com,Female,11/12/2014
503,Malina,Merring,mmerringdy@rambler.ru,Female,15/09/2018
504,Rhiamon,Chamberlayne,rchamberlaynedz@dailymotion.com,Female,08/06/2015
505,Allianora,Gravenall,agravenalle0@unblog.fr,Female,23/03/2004
506,Roxi,Sibbald,rsibbalde1@ox.ac.uk,Female,22/07/2004
507,Minor,Tremathick,mtremathicke2@cafepress.com,Male,28/10/2017
508,Miguel,Kalaher,mkalahere3@artisteer.com,Male,20/01/2002
509,Tanhya,Woolliams,twoolliamse4@shinystat.com,Female,28/01/2006
510,Devan,Brade,dbradee5@nifty.com,Genderfluid,27/05/2015
511,Adrien,Cunnane,acunnanee6@earthlink.net,Agender,17/12/2021
512,Robinett,Meddings,rmeddingse7@prnewswire.com,Female,19/02/2000
513,Wendie,Gamble,wgamblee8@bizjournals.com,Female,14/03/2009
514,Ignaz,Gowdie,igowdiee9@indiatimes.com,Male,07/05/2014
515,Corey,Smalcombe,csmalcombeea@statcounter.com,Female,11/03/2005
516,Monica,Thalmann,mthalmanneb@cnbc.com,Female,06/10/2003
517,Ashbey,Kilalea,akilaleaec@tiny.cc,Male,07/08/2021
518,Myer,Mulhall,mmulhalled@digg.com,Male,11/10/2008
519,Nico,Carbin,ncarbinee@google.co.uk,Male,08/10/2019
520,Gaby,Aspel,gaspelef@ucsd.edu,Female,30/11/2017
521,Frankie,Askwith,faskwitheg@skyrock.com,Male,09/01/2016
522,Steven,Baynard,sbaynardeh@youku.com,Male,07/05/2012
523,Nickolai,Cutriss,ncutrissei@soundcloud.com,Male,20/07/2021
524,Frans,Ciciura,fciciuraej@dailymail.co.uk,Non-binary,20/01/1999
525,Davide,Raye,drayeek@go.com,Male,04/02/2014
526,Timmie,Hacard,thacardel@google.com.au,Male,09/07/2009
527,Pepe,Guinnane,pguinnaneem@people.com.cn,Male,25/11/2020
528,Jed,Royds,jroydsen@seattletimes.com,Male,03/07/2003
529,Flor,Spelwood,fspelwoodeo@tmall.com,Female,20/04/2001
530,Waylon,Ganford,wganfordep@latimes.com,Male,18/12/1998
531,Ethelin,Sey,eseyeq@mail.ru,Female,02/09/2021
532,Yanaton,Mewe,ymeweer@techcrunch.com,Agender,31/10/2016
533,Leoline,Carrett,lcarrettes@army.mil,Female,20/03/2008
534,Isabelle,Kennally,ikennallyet@prnewswire.com,Female,27/04/2009
535,Milty,Helliwell,mhelliwelleu@jigsy.com,Male,11/06/2008
536,Sophia,Ducaen,sducaenev@google.co.jp,Female,23/12/2008
537,Ianthe,Lockhead,ilockheadew@sogou.com,Female,15/02/2005
538,Yoshiko,Nassau,ynassauex@prlog.org,Female,18/11/2003
539,Berton,Willgrass,bwillgrassey@nifty.com,Male,16/08/2005
540,Carrol,Last,clastez@mapy.cz,Male,11/03/2013
541,Jemmie,Chin,jchinf0@pcworld.com,Female,08/09/2003
542,Isabelita,Wellard,iwellardf1@mit.edu,Female,13/08/2017
543,Madison,Doucette,mdoucettef2@360.cn,Male,06/07/2016
544,Moyna,Phelip,mphelipf3@facebook.com,Female,20/06/2008
545,Oralie,Fortescue,ofortescuef4@wikipedia.org,Female,24/11/1998
546,Ramona,Noell,rnoellf5@dot.gov,Female,18/10/2001
547,Eva,Calderwood,ecalderwoodf6@desdev.cn,Female,15/03/2014
548,Danette,Edmund,dedmundf7@geocities.jp,Female,11/02/2016
549,Jacinthe,Mardy,jmardyf8@ezinearticles.com,Female,03/07/2003
550,Rozamond,Snailham,rsnailhamf9@google.ru,Female,11/11/2014
551,Mathilde,Kewley,mkewleyfa@themeforest.net,Genderqueer,19/08/2022
552,Kaspar,Lamblin,klamblinfb@archive.org,Male,03/07/2002
553,Elmore,Pittet,epittetfc@wufoo.com,Male,21/07/2014
554,Greggory,Attwood,gattwoodfd@printfriendly.com,Male,26/02/2007
555,Urban,Fugere,ufugerefe@upenn.edu,Male,05/06/2014
556,Bebe,Falloon,bfalloonff@opensource.org,Female,14/02/2004
557,Cristobal,Beardshaw,cbeardshawfg@weebly.com,Male,24/06/2008
558,Charisse,Lines,clinesfh@ebay.co.uk,Female,18/06/2017
559,Ralina,Windress,rwindressfi@google.nl,Female,24/05/1999
560,Dara,Spiller,dspillerfj@hugedomains.com,Female,23/04/2011
561,Suzanne,Hoggin,shogginfk@adobe.com,Female,16/01/2022
562,Alanah,De Santos,adesantosfl@rambler.ru,Female,03/01/2014
563,Cal,Sallnow,csallnowfm@mlb.com,Male,12/11/2021
564,Tracy,Geely,tgeelyfn@ucoz.com,Male,10/01/2021
565,Dasie,Wornham,dwornhamfo@gizmodo.com,Female,10/03/2014
566,Alyosha,Mathiasen,amathiasenfp@aol.com,Male,11/04/2017
567,Brittany,Rossoni,brossonifq@creativecommons.org,Female,14/01/2020
568,Diane,Logue,dloguefr@google.fr,Female,25/10/2003
569,Glory,Evemy,gevemyfs@histats.com,Female,28/04/2014
570,Guglielma,Challiner,gchallinerft@amazon.co.jp,Female,09/01/2013
571,Elspeth,Zettler,ezettlerfu@opensource.org,Female,20/07/2009
572,Ronnie,Robertson,rrobertsonfv@imgur.com,Female,23/09/2020
573,Wernher,Niblock,wniblockfw@omniture.com,Male,30/10/1999
574,Niki,Hattoe,nhattoefx@wordpress.com,Female,07/01/2014
575,Cory,Amthor,camthorfy@usa.gov,Female,19/10/2019
576,Boone,Ciciotti,bciciottifz@bloglovin.com,Male,24/02/2005
577,Orion,McKyrrelly,omckyrrellyg0@usatoday.com,Male,15/03/2015
578,Waite,McKue,wmckueg1@patch.com,Male,21/05/2011
579,Cristian,Duhig,cduhigg2@smugmug.com,Male,19/04/2001
580,Tiffi,Burdass,tburdassg3@zimbio.com,Female,29/11/2015
581,Glenden,Althorp,galthorpg4@utexas.edu,Male,11/01/2013
582,Lanna,Thomason,lthomasong5@nih.gov,Bigender,02/10/2006
583,Lara,Testro,ltestrog6@globo.com,Female,18/07/2020
584,Barbaraanne,Doveston,bdovestong7@behance.net,Female,24/08/2018
585,Nanni,Dunrige,ndunrigeg8@delicious.com,Female,02/12/2016
586,Fan,Yegorchenkov,fyegorchenkovg9@biglobe.ne.jp,Female,22/01/2014
587,Fredericka,Crimmins,fcrimminsga@cbsnews.com,Female,24/01/2005
588,Diandra,Markson,dmarksongb@usa.gov,Female,17/12/2005
589,Madlen,Pasfield,mpasfieldgc@amazon.de,Female,02/11/2014
590,Christoforo,Digman,cdigmangd@businessweek.com,Male,21/02/2022
591,Anjanette,Tarzey,atarzeyge@sakura.ne.jp,Female,07/09/2016
592,Francisca,Gillbee,fgillbeegf@ow.ly,Female,19/12/1998
593,Tilly,Streets,tstreetsgg@sciencedaily.com,Female,20/05/2016
594,Lenore,Gravell,lgravellgh@rambler.ru,Female,28/04/2009
595,Toby,Hebdon,thebdongi@hao123.com,Male,06/02/2008
596,Gabrielle,Vahl,gvahlgj@thetimes.co.uk,Female,23/04/2013
597,Walther,Marusyak,wmarusyakgk@jugem.jp,Male,03/03/2002
598,Shea,Lampart,slampartgl@unesco.org,Female,10/07/2018
599,Dwain,Andriulis,dandriulisgm@slashdot.org,Male,19/01/2004
600,Kara,Ellson,kellsongn@bandcamp.com,Female,20/03/2010
601,Nollie,Puttrell,nputtrellgo@dot.gov,Female,27/07/2011
602,Reinaldos,Wittman,rwittmangp@thetimes.co.uk,Male,17/10/2006
603,Minnaminnie,Morehall,mmorehallgq@hostgator.com,Female,11/01/2005
604,Allegra,Behnecken,abehneckengr@bizjournals.com,Female,12/06/2001
605,Annice,Dearness,adearnessgs@rambler.ru,Female,19/10/2012
606,Berne,Mapowder,bmapowdergt@ucoz.com,Male,23/12/2008
607,Ruthe,Jack,rjackgu@1und1.de,Female,01/05/2014
608,Leontyne,Nurdin,lnurdingv@twitter.com,Female,11/10/2003
609,Roobbie,Maly,rmalygw@chron.com,Female,23/06/2016
610,Marigold,McBain,mmcbaingx@wikipedia.org,Female,22/06/2002
611,Gabriella,Grunwall,ggrunwallgy@google.ca,Female,15/10/2020
612,Innis,Catenot,icatenotgz@google.it,Male,07/11/2016
613,Pebrook,Sabberton,psabbertonh0@free.fr,Male,31/01/2003
614,Diane,McKinie,dmckinieh1@webeden.co.uk,Female,27/08/2002
615,Zorine,Pardie,zpardieh2@washington.edu,Female,04/06/2020
616,Adair,Edwicke,aedwickeh3@disqus.com,Bigender,05/07/2022
617,Irving,Lewington,ilewingtonh4@boston.com,Male,11/10/2012
618,Benita,Dami,bdamih5@chronoengine.com,Female,05/11/2015
619,Cherin,Vegas,cvegash6@google.de,Female,01/11/2013
620,Kincaid,Burstow,kburstowh7@oaic.gov.au,Male,22/10/2020
621,Rafferty,Cobson,rcobsonh8@newsvine.com,Male,09/04/2009
622,Pacorro,Crowcher,pcrowcherh9@prweb.com,Male,29/09/2016
623,Claudian,Igo,cigoha@apple.com,Male,24/01/2015
624,Sascha,Liebermann,sliebermannhb@typepad.com,Male,26/10/2000
625,Ruthie,Leadbeater,rleadbeaterhc@disqus.com,Female,25/03/2009
626,Lauren,Joinson,ljoinsonhd@sohu.com,Female,01/11/2001
627,Hamlin,Bernade,hbernadehe@timesonline.co.uk,Male,28/08/2011
628,Darb,O'Carran,docarranhf@yellowbook.com,Female,20/02/2000
629,Windham,Dickie,wdickiehg@msn.com,Male,06/02/2015
630,Gusti,Wormald,gwormaldhh@dropbox.com,Female,14/10/2007
631,Demetria,Ventris,dventrishi@google.ru,Female,31/12/2006
632,Baird,Francescuzzi,bfrancescuzzihj@nyu.edu,Male,14/05/2015
633,Tybie,Gronaller,tgronallerhk@hp.com,Female,19/08/2016
634,Jedediah,Fucher,jfucherhl@cdbaby.com,Male,21/02/2020
635,Jenelle,Kennagh,jkennaghhm@mediafire.com,Female,09/02/2020
636,Tommy,Fearnyough,tfearnyoughhn@craigslist.org,Male,14/05/2001
637,Lola,Pieroni,lpieroniho@soup.io,Female,07/04/1999
638,Lloyd,Ambrus,lambrushp@livejournal.com,Male,05/10/1999
639,Aharon,Springtorp,aspringtorphq@live.com,Male,22/01/2019
640,Neddy,Treherne,ntrehernehr@typepad.com,Male,25/06/2021
641,Bernete,Tripean,btripeanhs@homestead.com,Bigender,07/04/1999
642,Murielle,Bartelot,mbartelotht@indiegogo.com,Female,06/01/2010
643,Conney,Dooland,cdoolandhu@dmoz.org,Male,21/12/2012
644,Malissa,Danielkiewicz,mdanielkiewiczhv@tmall.com,Female,17/11/2006
645,Morris,Magee,mmageehw@multiply.com,Male,01/09/2021
646,Laughton,Le feaver,llefeaverhx@psu.edu,Male,30/11/2001
647,Fiann,Larkkem,flarkkemhy@surveymonkey.com,Female,14/09/2021
648,Zarah,Wildgoose,zwildgoosehz@newyorker.com,Female,18/08/2007
649,Rubie,Edgeworth,redgeworthi0@businessweek.com,Female,28/10/2005
650,Farra,McKendry,fmckendryi1@pbs.org,Female,25/06/2008
651,Ertha,Rodda,eroddai2@nps.gov,Female,05/08/2014
652,Shane,Arstingall,sarstingalli3@cpanel.net,Male,09/03/2013
653,Anderea,Bellringer,abellringeri4@uiuc.edu,Female,06/02/2005
654,Konstantin,Gever,kgeveri5@quantcast.com,Male,19/10/2013
655,Alikee,Breakey,abreakeyi6@51.la,Female,17/08/2009
656,Mela,Daelman,mdaelmani7@wisc.edu,Polygender,24/02/2006
657,Ryun,Benge,rbengei8@dedecms.com,Male,20/02/2000
658,Elaina,Tames,etamesi9@addtoany.com,Female,18/10/2007
659,Valaree,Scherer,vschereria@dagondesign.com,Female,28/06/2012
660,Chip,Quickenden,cquickendenib@washington.edu,Male,26/05/2004
661,Ernesta,Malicki,emalickiic@google.fr,Female,05/11/2013
662,Isak,Dowbekin,idowbekinid@bravesites.com,Male,16/07/2011
663,Fowler,Carruthers,fcarruthersie@ed.gov,Male,21/12/2017
664,Elly,Vear,evearif@sohu.com,Female,26/08/1999
665,Mordy,Summerly,msummerlyig@hhs.gov,Polygender,11/05/2003
666,Casi,Allom,callomih@webmd.com,Female,23/12/2002
667,Murvyn,Langer,mlangerii@spiegel.de,Male,19/06/2016
668,Alwin,Lebreton,alebretonij@unblog.fr,Non-binary,13/03/2008
669,Kai,McGlone,kmcgloneik@cbslocal.com,Female,30/09/2018
670,Analiese,Hengoed,ahengoedil@ted.com,Female,03/08/2020
671,Vergil,Ivoshin,vivoshinim@sciencedaily.com,Male,02/09/2003
672,Brody,Keemer,bkeemerin@umn.edu,Male,27/11/2012
673,Charlotte,Adkins,cadkinsio@columbia.edu,Female,07/08/2013
674,Colin,Maberley,cmaberleyip@gizmodo.com,Male,07/12/2000
675,Geneva,Suscens,gsuscensiq@comcast.net,Female,17/03/2019
676,Nealon,Stammer,nstammerir@wiley.com,Male,17/11/2002
677,Abbie,Gibbon,agibbonis@eepurl.com,Female,22/01/2014
678,Delora,Milam,dmilamit@java.com,Female,16/07/2009
679,Walker,Woodings,wwoodingsiu@ow.ly,Male,18/03/2002
680,Peyton,McSaul,pmcsauliv@adobe.com,Male,28/12/2007
681,Annadiana,Mochar,amochariw@alibaba.com,Female,08/04/2015
682,Dal,Lucock,dlucockix@soup.io,Male,30/12/2017
683,Zackariah,Dawdary,zdawdaryiy@prnewswire.com,Male,05/02/2022
684,Kristo,Gosford,kgosfordiz@ftc.gov,Agender,16/02/2013
685,Deonne,Krysztowczyk,dkrysztowczykj0@gizmodo.com,Female,14/04/2021
686,Stanford,Easson,seassonj1@twitpic.com,Male,16/10/2007
687,Cristal,Delacourt,cdelacourtj2@opera.com,Female,08/04/2022
688,Cassandry,Trusslove,ctrusslovej3@loc.gov,Female,08/02/2021
689,Ax,Murname,amurnamej4@macromedia.com,Male,26/11/2009
690,Coralyn,Domerq,cdomerqj5@sciencedirect.com,Female,10/11/2010
691,Bonita,Mowson,bmowsonj6@prweb.com,Female,14/05/2011
692,Garvy,Fitzroy,gfitzroyj7@rambler.ru,Male,25/11/2003
693,Archibald,Bowley,abowleyj8@delicious.com,Male,13/01/2000
694,Kiley,Scrymgeour,kscrymgeourj9@nydailynews.com,Male,13/08/2018
695,Olag,Hehl,ohehlja@furl.net,Male,11/10/2009
696,Aubry,Collete,acolletejb@ebay.co.uk,Female,04/01/2010
697,Lissy,Wallenger,lwallengerjc@photobucket.com,Female,22/10/2017
698,Ferdy,Lesley,flesleyjd@wsj.com,Male,30/12/2001
699,Anabel,Snoday,asnodayje@bbb.org,Female,27/08/2020
700,Farlee,Grahamslaw,fgrahamslawjf@nyu.edu,Male,29/07/2011
701,Torrey,Davitt,tdavittjg@theglobeandmail.com,Male,12/09/2003
702,Chris,Bartoszewski,cbartoszewskijh@pbs.org,Female,07/02/2006
703,Aurelie,Fabry,afabryji@cargocollective.com,Female,22/01/2000
704,Lorant,Delgardo,ldelgardojj@typepad.com,Agender,31/01/2005
705,Stan,Smewings,ssmewingsjk@netlog.com,Male,14/02/2022
706,Ingra,de Guise,ideguisejl@stumbleupon.com,Male,14/02/2017
707,Ariadne,Klimushev,aklimushevjm@sciencedirect.com,Female,04/10/2014
708,Drusie,Clere,dclerejn@smh.com.au,Female,02/07/2020
709,Druci,Oldfield-Cherry,doldfieldcherryjo@twitpic.com,Female,11/03/2018
710,Grace,Baggott,gbaggottjp@weebly.com,Polygender,24/04/2015
711,Aron,Finlan,afinlanjq@infoseek.co.jp,Male,14/03/2021
712,Bret,O'Callaghan,bocallaghanjr@pbs.org,Male,22/02/2020
713,Barry,Bachs,bbachsjs@pinterest.com,Male,13/06/2003
714,Papageno,Moxted,pmoxtedjt@reddit.com,Male,28/10/2007
715,Melody,Collihole,mcolliholeju@opensource.org,Female,04/09/2001
716,Phillis,Tonbye,ptonbyejv@shareasale.com,Female,25/07/2000
717,Salomon,Maginn,smaginnjw@mac.com,Male,19/07/2000
718,Patten,Capelow,pcapelowjx@buzzfeed.com,Male,12/02/2011
719,Claire,Dalgleish,cdalgleishjy@comcast.net,Male,11/11/2007
720,Gage,Bendell,gbendelljz@163.com,Male,22/10/2005
721,Ophelie,Sparkwill,osparkwillk0@cnet.com,Female,17/06/2003
722,Jeralee,King,jkingk1@sina.com.cn,Bigender,03/10/2005
723,Loren,Huot,lhuotk2@topsy.com,Female,01/02/2021
724,Reyna,Charleston,rcharlestonk3@posterous.com,Genderfluid,08/04/2012
725,Dorris,Winchurch,dwinchurchk4@umich.edu,Female,28/11/2018
726,Audi,Battelle,abattellek5@merriam-webster.com,Female,29/03/2002
727,Thurstan,Rolfo,trolfok6@cnn.com,Male,15/05/2020
728,Otto,Souttar,osouttark7@geocities.com,Male,12/11/2006
729,Stanleigh,Sunner,ssunnerk8@dion.ne.jp,Male,27/02/2007
730,Ollie,Beaudry,obeaudryk9@trellian.com,Polygender,17/11/2011
731,Ginnifer,Toten,gtotenka@sourceforge.net,Female,20/10/2002
732,Adria,Grishakov,agrishakovkb@wordpress.org,Female,16/08/2009
733,Emmy,Clearley,eclearleykc@wisc.edu,Male,08/06/2014
734,Baxy,Stratton,bstrattonkd@howstuffworks.com,Male,19/10/2001
735,Teddy,Loges,tlogeske@constantcontact.com,Female,26/06/2006
736,Marlowe,Howison,mhowisonkf@webs.com,Polygender,22/09/1999
737,Nadine,Foli,nfolikg@ask.com,Genderqueer,13/09/2014
738,Marius,Gyrgorwicx,mgyrgorwicxkh@posterous.com,Male,28/09/2014
739,Pansie,Capponeer,pcapponeerki@ftc.gov,Female,01/10/2014
740,Amelia,Calcott,acalcottkj@phoca.cz,Female,12/09/2020
741,Norah,Grimsdyke,ngrimsdykekk@google.co.uk,Female,14/01/2017
742,Piggy,Lent,plentkl@bbb.org,Male,03/05/2008
743,Manuel,Brunker,mbrunkerkm@mashable.com,Male,09/11/2006
744,Von,Moens,vmoenskn@ask.com,Male,09/09/2003
745,Ellene,Gostick,egostickko@oakley.com,Female,02/04/2000
746,Ev,Crock,ecrockkp@arstechnica.com,Male,29/11/2008
747,Dagny,Minichi,dminichikq@prnewswire.com,Male,03/10/2003
748,Garrard,Kay,gkaykr@army.mil,Male,13/06/2019
749,Wendell,Brinkman,wbrinkmanks@businessinsider.com,Male,03/12/2016
750,Lesli,Chadney,lchadneykt@sitemeter.com,Female,24/04/2021
751,Regine,McEvon,rmcevonku@howstuffworks.com,Genderqueer,09/11/2001
752,Tomasine,Teague,tteaguekv@jimdo.com,Female,08/10/2006
753,Orren,Learmonth,olearmonthkw@de.vu,Male,18/04/2011
754,Gussy,Hartridge,ghartridgekx@histats.com,Female,06/12/2012
755,Bourke,MacElroy,bmacelroyky@quantcast.com,Male,26/10/2004
756,Laughton,Chatwood,lchatwoodkz@vimeo.com,Male,06/12/2018
757,Ceciley,Witts,cwittsl0@discovery.com,Female,25/08/2020
758,Mitch,Whooley,mwhooleyl1@multiply.com,Male,09/08/2014
759,Flin,Karpushkin,fkarpushkinl2@telegraph.co.uk,Male,29/10/2010
760,Alf,Braidley,abraidleyl3@ameblo.jp,Male,18/03/2020
761,Minnnie,Adderley,madderleyl4@nature.com,Female,13/04/2000
762,Jarrett,Rawlison,jrawlisonl5@mozilla.org,Male,25/09/2020
763,Farra,Francioli,ffranciolil6@telegraph.co.uk,Female,08/10/2002
764,Zak,Eggle,zegglel7@slashdot.org,Male,21/07/2001
765,Honor,Yeomans,hyeomansl8@sbwire.com,Female,25/06/2005
766,Avigdor,Marryatt,amarryattl9@mit.edu,Male,14/07/2009
767,Benedick,Toma,btomala@google.nl,Male,24/05/2021
768,Gerardo,Bartaloni,gbartalonilb@etsy.com,Male,23/09/2002
769,Bent,Pitkins,bpitkinslc@umich.edu,Bigender,15/02/2008
770,Lindy,Crippell,lcrippellld@npr.org,Male,31/12/2017
771,Christel,Andrewartha,candrewarthale@microsoft.com,Female,31/07/2005
772,Hamnet,Henniger,hhennigerlf@qq.com,Male,29/11/2019
773,Casar,Munford,cmunfordlg@themeforest.net,Male,08/11/2019
774,Latrena,Critoph,lcritophlh@europa.eu,Female,11/10/2004
775,Britt,Olorenshaw,bolorenshawli@hp.com,Female,07/07/2022
776,Darelle,Felten,dfeltenlj@paginegialle.it,Female,23/06/2006
777,Reagen,Consterdine,rconsterdinelk@yahoo.co.jp,Male,09/03/2017
778,Benetta,Philo,bphiloll@shop-pro.jp,Female,06/09/2008
779,Blair,Abeau,babeaulm@weibo.com,Male,09/11/2005
780,Pearl,Beadnell,pbeadnellln@slate.com,Female,26/02/1999
781,Chickie,Barthelet,cbartheletlo@de.vu,Female,21/11/2020
782,Spence,Domenichelli,sdomenichellilp@opera.com,Male,26/07/2010
783,Eadith,Pepler,epeplerlq@barnesandnoble.com,Female,06/10/2015
784,Gwenore,Valente,gvalentelr@github.com,Female,22/12/2016
785,Obadiah,Lorraway,olorrawayls@mapquest.com,Male,27/10/2018
786,Karil,Ewers,kewerslt@fastcompany.com,Female,27/03/2018
787,Lennard,Iorillo,liorillolu@mlb.com,Non-binary,30/03/2001
788,Rogers,Hounsome,rhounsomelv@imdb.com,Male,03/12/2009
789,Jonis,Alkin,jalkinlw@multiply.com,Non-binary,22/03/2022
790,Evie,Letson,eletsonlx@hc360.com,Female,17/03/2013
791,Sybille,Agius,sagiusly@1688.com,Female,11/02/1999
792,Allayne,Sedwick,asedwicklz@wp.com,Male,10/04/2000
793,Bili,Le Grove,blegrovem0@marketwatch.com,Female,20/09/1999
794,Aldus,Tourry,atourrym1@youtube.com,Male,24/03/2013
795,Jordana,Grise,jgrisem2@drupal.org,Female,10/01/2006
796,Lucine,Anderton,landertonm3@delicious.com,Female,06/04/2000
797,Hilde,Joss,hjossm4@cnbc.com,Female,08/11/1998
798,Bibbye,McTerlagh,bmcterlaghm5@boston.com,Female,29/07/2020
799,Tasia,Crockford,tcrockfordm6@mysql.com,Genderqueer,06/01/2020
800,Sylvester,Kipling,skiplingm7@independent.co.uk,Male,23/03/2019
801,Valli,Gerrelt,vgerreltm8@de.vu,Female,02/02/2013
802,Shepperd,Sutehall,ssutehallm9@studiopress.com,Genderqueer,30/11/2004
803,Anabel,Kneale,aknealema@google.pl,Female,30/12/2020
804,Wallie,Mathelon,wmathelonmb@mit.edu,Female,04/01/2019
805,Sisile,Witherdon,switherdonmc@admin.ch,Female,19/10/2021
806,Terry,Giurio,tgiuriomd@mapquest.com,Female,16/03/1999
807,Ewan,Rodger,erodgerme@netlog.com,Male,27/01/2000
808,Obidiah,Kewley,okewleymf@go.com,Male,29/11/2000
809,Jacquenetta,Realph,jrealphmg@behance.net,Female,25/10/2017
810,Say,O'Cuddie,socuddiemh@gov.uk,Male,22/04/2018
811,Carlyn,Bobasch,cbobaschmi@gravatar.com,Female,29/06/2014
812,Essa,Belfit,ebelfitmj@hhs.gov,Female,12/02/2014
813,Carla,Cockshot,ccockshotmk@mediafire.com,Female,29/08/2004
814,Waiter,Roark,wroarkml@weebly.com,Agender,23/08/2011
815,Paquito,Fadell,pfadellmm@deliciousdays.com,Agender,08/01/2020
816,Annecorinne,Chanson,achansonmn@tinypic.com,Female,28/03/2003
817,Sophey,Tumility,stumilitymo@exblog.jp,Female,05/06/2020
818,Gun,Quant,gquantmp@mysql.com,Male,11/02/2019
819,Gladys,Labroue,glabrouemq@etsy.com,Genderqueer,11/08/2005
820,Lazarus,Bulstrode,lbulstrodemr@dmoz.org,Male,03/01/2007
821,Paxon,McClune,pmcclunems@phoca.cz,Male,26/11/2008
822,Trescha,Morrad,tmorradmt@yellowbook.com,Female,03/03/2007
823,Ulric,Justham,ujusthammu@cargocollective.com,Male,09/12/2014
824,Steward,Lince,slincemv@home.pl,Agender,11/09/2008
825,Camey,Brend,cbrendmw@omniture.com,Male,23/09/2004
826,Dannie,Vogeller,dvogellermx@scientificamerican.com,Male,12/10/1999
827,Trixie,Braniff,tbraniffmy@infoseek.co.jp,Female,06/09/2015
828,Harwilll,Klesse,hklessemz@loc.gov,Male,10/08/2012
829,Joeann,Forman,jformann0@webeden.co.uk,Female,09/03/2004
830,Franky,Taveriner,ftaverinern1@harvard.edu,Female,15/06/2018
831,Demetre,Hatcliffe,dhatcliffen2@smh.com.au,Male,11/07/1999
832,Anatol,Richold,aricholdn3@seesaa.net,Male,08/07/2016
833,Fleur,Pleasants,fpleasantsn4@lycos.com,Female,05/05/2009
834,Morty,Cancellieri,mcancellierin5@cyberchimps.com,Male,06/06/2019
835,Holt,Dishman,hdishmann6@geocities.com,Male,07/06/2019
836,Ursala,Shurmer,ushurmern7@myspace.com,Polygender,25/11/2019
837,Marj,Miroy,mmiroyn8@businessinsider.com,Female,21/11/2000
838,Charley,Rean,creann9@ehow.com,Male,17/12/1999
839,Perry,Brookzie,pbrookziena@parallels.com,Genderfluid,18/04/2011
840,Penrod,Carwithen,pcarwithennb@abc.net.au,Male,20/06/2021
841,Shay,Coey,scoeync@51.la,Female,17/01/2009
842,Aksel,Doore,adoorend@livejournal.com,Male,13/01/2007
843,Giavani,Andriveau,gandriveaune@123-reg.co.uk,Male,28/01/2011
844,Germain,Maffiotti,gmaffiottinf@usatoday.com,Male,23/09/2013
845,Billy,Heap,bheapng@newyorker.com,Female,04/11/1998
846,Cristobal,Huncote,chuncotenh@seesaa.net,Polygender,23/05/2013
847,Berne,Sabbin,bsabbinni@netlog.com,Male,24/10/2010
848,Adela,Sparway,asparwaynj@weebly.com,Female,22/12/2011
849,Collette,Crunkhorn,ccrunkhornnk@springer.com,Female,25/07/2003
850,Emily,Fusedale,efusedalenl@usda.gov,Female,01/02/2022
851,Vitoria,Ferbrache,vferbrachenm@webnode.com,Female,30/11/2017
852,Brnaby,Withull,bwithullnn@barnesandnoble.com,Male,16/08/2020
853,Thurston,Darrach,tdarrachno@google.com.br,Male,13/04/2006
854,Nan,Partington,npartingtonnp@nba.com,Female,26/07/2013
855,Conroy,Aldridge,caldridgenq@blinklist.com,Male,17/10/2019
856,Christopher,Papps,cpappsnr@apple.com,Male,18/12/2007
857,Laurens,Lamdin,llamdinns@bravesites.com,Male,03/11/2012
858,Ella,Gives,egivesnt@amazon.com,Female,29/03/2003
859,Steward,Jellico,sjelliconu@w3.org,Male,28/07/2020
860,Rolfe,Lorkins,rlorkinsnv@cocolog-nifty.com,Male,21/07/2018
861,Osgood,McInally,omcinallynw@newsvine.com,Male,21/06/2005
862,Amelia,Sidry,asidrynx@prlog.org,Female,14/08/2014
863,Laryssa,Gerrie,lgerrieny@illinois.edu,Female,08/08/2016
864,Bendicty,Langdon,blangdonnz@php.net,Male,30/07/2002
865,Lyn,Schaffler,lschafflero0@telegraph.co.uk,Female,10/12/2015
866,Sherline,Chisnell,schisnello1@latimes.com,Female,08/11/2012
867,Wallie,Chaffey,wchaffeyo2@biblegateway.com,Female,26/07/2002
868,Eda,Van den Velden,evandenveldeno3@jimdo.com,Female,27/10/2016
869,Eben,Darrow,edarrowo4@biblegateway.com,Male,19/10/2004
870,Marja,Fowlds,mfowldso5@europa.eu,Female,01/05/2007
871,Ambrosio,Cater,acatero6@hud.gov,Male,16/02/2017
872,Stefania,Rolfini,srolfinio7@unblog.fr,Female,10/06/2007
873,Eziechiele,Wareham,ewarehamo8@cbsnews.com,Male,22/02/2020
874,Daria,Brodnecke,dbrodneckeo9@tripadvisor.com,Female,07/08/2022
875,Town,Sisselot,tsisselotoa@nifty.com,Male,22/05/2006
876,Caterina,Laird,clairdob@aboutads.info,Female,08/02/2013
877,Job,Rundall,jrundalloc@nsw.gov.au,Male,13/10/2014
878,Clarance,Hanaby,chanabyod@yale.edu,Male,25/02/2015
879,Anne-marie,Matiebe,amatiebeoe@youku.com,Female,19/10/2015
880,Wandis,Readings,wreadingsof@ed.gov,Female,10/03/2019
881,Binnie,Gouda,bgoudaog@1688.com,Female,20/03/2016
882,Kania,Denge,kdengeoh@4shared.com,Bigender,30/12/2005
883,Warner,Drever,wdreveroi@whitehouse.gov,Male,14/04/2013
884,Rikki,Armytage,rarmytageoj@macromedia.com,Male,01/05/2003
885,Etti,Berrey,eberreyok@forbes.com,Female,07/08/2013
886,Nanine,Edgerly,nedgerlyol@privacy.gov.au,Female,31/07/2005
887,Suzann,Van den Dael,svandendaelom@shinystat.com,Female,13/07/2002
888,Robinia,Idiens,ridienson@bloomberg.com,Female,18/05/2013
889,Jamey,Matushevich,jmatushevichoo@boston.com,Male,20/12/2013
890,Nariko,Ditt,ndittop@mlb.com,Female,14/08/2014
891,Stephanus,Bentzen,sbentzenoq@meetup.com,Male,06/11/2016
892,Porty,Flaverty,pflavertyor@xrea.com,Male,28/02/2016
893,Melba,Kluge,mklugeos@spotify.com,Female,17/05/2014
894,Melonie,Tiller,mtillerot@blog.com,Female,20/05/2001
895,Conan,Crewther,ccrewtherou@slideshare.net,Male,17/11/1999
896,Didi,Gibbetts,dgibbettsov@admin.ch,Female,04/09/2002
897,Daryl,Kleinplac,dkleinplacow@ehow.com,Polygender,24/07/2021
898,Blake,Kesby,bkesbyox@e-recht24.de,Female,27/04/2004
899,Wynn,Sybe,wsybeoy@delicious.com,Female,25/12/2004
900,Juliane,Paice,jpaiceoz@google.com.au,Female,20/01/2020
901,Felice,Hampshire,fhampshirep0@chron.com,Male,13/06/2006
902,Teresita,Addams,taddamsp1@blogspot.com,Female,30/04/2002
903,Stillman,Basterfield,sbasterfieldp2@t.co,Male,04/12/2013
904,Zachary,Cornil,zcornilp3@google.ru,Male,10/12/2018
905,Alick,Danahar,adanaharp4@admin.ch,Male,17/01/2011
906,Amity,Smees,asmeesp5@apache.org,Female,04/05/2022
907,Devi,Hugnot,dhugnotp6@tamu.edu,Female,25/06/2022
908,Miranda,Glencross,mglencrossp7@hao123.com,Female,16/10/2009
909,Odilia,Broadist,obroadistp8@mit.edu,Genderfluid,25/05/2004
910,Tandie,Odo,todop9@wp.com,Polygender,05/12/2018
911,Shawna,Dubber,sdubberpa@livejournal.com,Non-binary,16/01/2001
912,Ralph,Le Port,rleportpb@yelp.com,Male,16/03/2016
913,Jerri,Blaske,jblaskepc@sakura.ne.jp,Male,22/02/2008
914,Kori,Giercke,kgierckepd@ocn.ne.jp,Female,18/01/2003
915,Buck,Whitman,bwhitmanpe@webs.com,Male,01/10/2019
916,Heda,Rumin,hruminpf@indiatimes.com,Female,10/03/2017
917,Hillary,Fury,hfurypg@devhub.com,Female,02/10/2002
918,Antonie,McCoid,amccoidph@chicagotribune.com,Female,01/01/1999
919,Bee,Troy,btroypi@mapquest.com,Genderfluid,01/07/2021
920,Maurizio,Westphalen,mwestphalenpj@w3.org,Male,01/07/2003
921,Chrysler,Barends,cbarendspk@google.nl,Female,23/07/2006
922,Adiana,Vicarey,avicareypl@upenn.edu,Female,19/12/2001
923,Jeanna,Tollerfield,jtollerfieldpm@yellowpages.com,Female,18/04/2015
924,Vania,Carous,vcarouspn@seattletimes.com,Female,20/10/2004
925,Nerte,Imlach,nimlachpo@moonfruit.com,Genderqueer,14/06/2004
926,Arri,Smitten,asmittenpp@sourceforge.net,Male,22/01/2008
927,Raviv,Opie,ropiepq@va.gov,Male,29/11/2014
928,Johnny,Joplin,jjoplinpr@123-reg.co.uk,Male,14/10/2008
929,Jenifer,Benbow,jbenbowps@scribd.com,Genderqueer,22/03/2022
930,Mannie,Baigent,mbaigentpt@mediafire.com,Male,28/03/2010
931,Marylee,Burleigh,mburleighpu@nih.gov,Female,17/08/2015
932,Ricki,Powell,rpowellpv@pagesperso-orange.fr,Female,15/11/2002
933,Phebe,St. Hill,psthillpw@state.tx.us,Female,27/08/2018
934,Humfrid,Woollends,hwoollendspx@ow.ly,Male,31/10/2019
935,Athene,Thistleton,athistletonpy@liveinternet.ru,Female,24/07/2005
936,Waring,Mulligan,wmulliganpz@berkeley.edu,Male,14/06/2001
937,Drucy,Kyberd,dkyberdq0@topsy.com,Female,09/09/2019
938,Baillie,Arundell,barundellq1@bravesites.com,Male,18/12/2020
939,Annette,Ellif,aellifq2@4shared.com,Polygender,15/08/2006
940,Freda,Shorter,fshorterq3@multiply.com,Agender,29/03/2010
941,Burr,McKern,bmckernq4@jimdo.com,Male,24/11/2007
942,Gayleen,Domke,gdomkeq5@webeden.co.uk,Female,17/04/2014
943,Boigie,Stennet,bstennetq6@china.com.cn,Male,02/09/2022
944,Arliene,Keough,akeoughq7@gov.uk,Female,16/05/2019
945,Kelsy,Dorey,kdoreyq8@cornell.edu,Bigender,10/09/2020
946,Morey,Wilkenson,mwilkensonq9@salon.com,Male,24/08/2009
947,Sullivan,Reaper,sreaperqa@salon.com,Male,11/04/2022
948,Burk,Absalom,babsalomqb@unesco.org,Male,16/04/2005
949,Kellsie,Bissex,kbissexqc@nasa.gov,Female,26/05/2008
950,Cam,Connop,cconnopqd@mtv.com,Male,05/01/2020
951,Jayne,Bricksey,jbrickseyqe@amazon.com,Female,06/08/2010
952,Hort,Cervantes,hcervantesqf@senate.gov,Male,21/02/2002
953,Natale,Coathup,ncoathupqg@over-blog.com,Male,22/05/2009
954,Clemence,Larmet,clarmetqh@smugmug.com,Female,31/10/2016
955,Hortensia,Ibbett,hibbettqi@cam.ac.uk,Female,11/08/2021
956,Blair,Bucher,bbucherqj@dropbox.com,Female,24/06/2019
957,Jonis,Wafer,jwaferqk@statcounter.com,Female,30/07/2010
958,Seward,Rhodus,srhodusql@dropbox.com,Male,15/06/2013
959,Aubrette,Collings,acollingsqm@google.com.hk,Female,31/12/2015
960,Ida,Stansby,istansbyqn@wufoo.com,Female,25/04/2015
961,Iosep,Gallifont,igallifontqo@qq.com,Male,29/01/2010
962,Welsh,Narraway,wnarrawayqp@yellowpages.com,Male,27/05/2002
963,Raffaello,Farnell,rfarnellqq@yolasite.com,Male,04/01/2001
964,Charlie,Kybert,ckybertqr@upenn.edu,Male,06/12/1999
965,Franklyn,Lauridsen,flauridsenqs@bloglines.com,Male,25/12/2021
966,Maude,Livingston,mlivingstonqt@4shared.com,Polygender,28/05/2018
967,Fransisco,Hele,fhelequ@homestead.com,Male,01/07/2013
968,Irita,Trayling,itraylingqv@hc360.com,Female,26/07/2004
969,Tasia,Dillamore,tdillamoreqw@wikimedia.org,Female,05/09/2021
970,Orly,Cridlin,ocridlinqx@baidu.com,Female,02/02/1999
971,Antin,Giannotti,agiannottiqy@histats.com,Agender,24/10/2005
972,Vincent,Ricoald,vricoaldqz@pcworld.com,Genderqueer,06/05/2008
973,Henderson,Hendonson,hhendonsonr0@163.com,Male,05/11/2012
974,Laney,Schreiner,lschreinerr1@rakuten.co.jp,Female,07/06/2015
975,Rachelle,Pencott,rpencottr2@sciencedirect.com,Female,31/05/2011
976,Briana,Songer,bsongerr3@meetup.com,Female,11/02/2018
977,Gilbert,MacNab,gmacnabr4@independent.co.uk,Male,29/04/2002
978,Colby,Newcomen,cnewcomenr5@bigcartel.com,Male,24/01/2018
979,Oby,Berling,oberlingr6@cnet.com,Male,01/09/2012
980,Chanda,Ramsay,cramsayr7@simplemachines.org,Female,23/10/2011
981,Rivkah,Madill,rmadillr8@businesswire.com,Female,03/08/2019
982,Patrick,Robertsson,probertssonr9@google.nl,Male,21/06/2013
983,Letty,Matignon,lmatignonra@hc360.com,Female,15/09/2010
984,Lucilia,Van der Brugge,lvanderbruggerb@who.int,Female,14/04/2008
985,Troy,Ruzic,truzicrc@ted.com,Agender,12/12/1998
986,Katya,Hesse,khesserd@statcounter.com,Female,20/01/2015
987,Tiebold,Mongin,tmonginre@tamu.edu,Male,14/11/2010
988,Hally,Matityahu,hmatityahurf@shareasale.com,Female,13/03/1999
989,Lucio,Huntar,lhuntarrg@theguardian.com,Agender,05/02/2020
990,Christoper,Brewse,cbrewserh@bing.com,Male,28/09/2015
991,Brady,Rooksby,brooksbyri@ucla.edu,Male,18/12/2002
992,Katheryn,Ogley,kogleyrj@wufoo.com,Female,04/08/2021
993,Robby,Littrell,rlittrellrk@etsy.com,Female,24/06/2021
994,Nealon,Vasechkin,nvasechkinrl@lycos.com,Male,12/06/2004
995,Ann-marie,Leavey,aleaveyrm@cam.ac.uk,Female,23/01/2015
996,Allx,Sleeny,asleenyrn@columbia.edu,Female,10/04/2002
997,Moe,Teodorski,mteodorskiro@imdb.com,Male,08/06/2000
998,Bettina,Syder,bsyderrp@scribd.com,Female,28/10/2021
999,Rose,Gallifont,rgallifontrq@mediafire.com,Female,18/04/2014
1000,Alica,Feehery,afeeheryrr@ehow.com,Female,25/05/2012
